<?xml version = '1.0' encoding = 'UTF-8'?>
<Relation class="oracle.dbtools.crest.model.design.logical.Relation" name="REL_PASAJERO_RESERVA" directorySegmentName="seg_0" id="EA64A017-6940-041F-0D91-C7C3D0B2F63B">
<createdBy>ulloa</createdBy>
<createdTime>2025-08-18 00:53:24 UTC</createdTime>
<ownerDesignName>Act_Format1_Modelamiento_BD</ownerDesignName>
<engineerTo>
<item key="DCC3A6AB-BEE6-F94D-EDA7-E5004D9E72FE" value="true"/>
<item key="CDFCD71A-45AD-EE45-3BC5-5B240FE294D7" value="true"/>
</engineerTo>
<sourcePk>0E43CFCA-B861-6827-D8C1-9B03ED0779E1</sourcePk>
<targetPk>0E43CFCA-B861-6827-D8C1-9B03ED0779E1</targetPk>
<identifying>false</identifying>
<optionalSource>true</optionalSource>
<optionalTarget>false</optionalTarget>
<sourceCardinality>1</sourceCardinality>
<sourceEntity>802A81CA-DEDA-3750-4C8E-8972A74829B0</sourceEntity>
<targetCardinalityString>*</targetCardinalityString>
<targetEntity>1CFBA68A-A0EF-72B9-23B1-4787F8354353</targetEntity>
<transferable>true</transferable>
<deleteRule>NO ACTION</deleteRule>
</Relation>