<?xml version = '1.0' encoding = 'UTF-8'?>
<Relation class="oracle.dbtools.crest.model.design.logical.Relation" name="REL_EMPLEADO_RESERVA" directorySegmentName="seg_0" id="F67140B2-6682-A959-231A-50381E7CC7E1">
<createdBy>ulloa</createdBy>
<createdTime>2025-08-18 00:58:47 UTC</createdTime>
<ownerDesignName>Act_Format1_Modelamiento_BD</ownerDesignName>
<engineerTo>
<item key="DCC3A6AB-BEE6-F94D-EDA7-E5004D9E72FE" value="true"/>
<item key="CDFCD71A-45AD-EE45-3BC5-5B240FE294D7" value="true"/>
</engineerTo>
<sourcePk>B844ACDA-BF65-52DB-6EC5-27F98D94D0ED</sourcePk>
<targetPk>B844ACDA-BF65-52DB-6EC5-27F98D94D0ED</targetPk>
<identifying>false</identifying>
<optionalSource>true</optionalSource>
<optionalTarget>false</optionalTarget>
<sourceCardinality>1</sourceCardinality>
<sourceEntity>5CE64CFA-E8DE-E95F-5BBD-A3D36BB3D319</sourceEntity>
<targetCardinalityString>*</targetCardinalityString>
<targetEntity>1CFBA68A-A0EF-72B9-23B1-4787F8354353</targetEntity>
<transferable>true</transferable>
<deleteRule>NO ACTION</deleteRule>
</Relation>