<?xml version = '1.0' encoding = 'UTF-8'?>
<Relation class="oracle.dbtools.crest.model.design.logical.Relation" name="REL_VUELO_RESERVA" directorySegmentName="seg_0" id="FD81595B-2A93-47EC-DA1D-5D06E7C30054">
<createdBy>ulloa</createdBy>
<createdTime>2025-08-18 00:57:33 UTC</createdTime>
<ownerDesignName>Act_Format1_Modelamiento_BD</ownerDesignName>
<engineerTo>
<item key="DCC3A6AB-BEE6-F94D-EDA7-E5004D9E72FE" value="true"/>
<item key="CDFCD71A-45AD-EE45-3BC5-5B240FE294D7" value="true"/>
</engineerTo>
<sourcePk>509B72DA-C860-A855-50DE-6F7913499D4A</sourcePk>
<targetPk>509B72DA-C860-A855-50DE-6F7913499D4A</targetPk>
<identifying>false</identifying>
<optionalSource>true</optionalSource>
<optionalTarget>false</optionalTarget>
<sourceCardinality>1</sourceCardinality>
<sourceEntity>16E03D8E-809E-1EEE-0A15-F84A1B8AA9F3</sourceEntity>
<targetCardinalityString>*</targetCardinalityString>
<targetEntity>1CFBA68A-A0EF-72B9-23B1-4787F8354353</targetEntity>
<transferable>true</transferable>
<deleteRule>NO ACTION</deleteRule>
</Relation>