<?xml version = '1.0' encoding = 'UTF-8'?>
<Relation class="oracle.dbtools.crest.model.design.logical.Relation" name="asignacion_equipaje" directorySegmentName="seg_0" id="06C39F6D-7766-0284-E241-C11425A7204D">
<createdBy>rene_</createdBy>
<createdTime>2025-08-24 20:54:12 UTC</createdTime>
<ownerDesignName>Actividad Formativa 2 Modelamiento Entidad Relacion para BT Airways</ownerDesignName>
<engineerTo>
<item key="AAEE166C-4B0A-AEC5-3227-4A2B9901D99D" value="true"/>
</engineerTo>
<sourcePk>CFC3CEDE-7B3C-E312-1F15-449431739D5B</sourcePk>
<identifying>false</identifying>
<optionalSource>true</optionalSource>
<optionalTarget>false</optionalTarget>
<sourceCardinality>1</sourceCardinality>
<sourceEntity>FF697463-CD5E-2A71-DAE0-76EDCC848023</sourceEntity>
<targetCardinalityString>*</targetCardinalityString>
<targetEntity>384F78B0-3D90-760F-7716-97D535035E23</targetEntity>
<transferable>true</transferable>
<deleteRule>NO ACTION</deleteRule>
</Relation>