<?xml version = '1.0' encoding = 'UTF-8'?>
<Relation class="oracle.dbtools.crest.model.design.logical.Relation" name="Reserva_De_Vuelo" directorySegmentName="seg_0" id="17861A23-4ED1-0D18-6024-4B78308705E1">
<createdBy>rene_</createdBy>
<createdTime>2025-08-24 20:38:54 UTC</createdTime>
<ownerDesignName>Actividad Formativa 2 Modelamiento Entidad Relacion para BT Airways</ownerDesignName>
<engineerTo>
<item key="AAEE166C-4B0A-AEC5-3227-4A2B9901D99D" value="true"/>
</engineerTo>
<sourcePk>CFC3CEDE-7B3C-E312-1F15-449431739D5B</sourcePk>
<identifying>false</identifying>
<optionalSource>true</optionalSource>
<optionalTarget>false</optionalTarget>
<sourceCardinality>1</sourceCardinality>
<sourceEntity>FF697463-CD5E-2A71-DAE0-76EDCC848023</sourceEntity>
<targetCardinalityString>*</targetCardinalityString>
<targetEntity>A717CDC6-2719-E330-2E67-7E1E7769E47C</targetEntity>
<transferable>true</transferable>
<deleteRule>NO ACTION</deleteRule>
</Relation>