<?xml version = '1.0' encoding = 'UTF-8'?>
<Relation class="oracle.dbtools.crest.model.design.logical.Relation" name="programacion_vuelo" directorySegmentName="seg_0" id="5D2F0E52-B92D-A782-855F-5354202CC8A5">
<createdBy>rene_</createdBy>
<createdTime>2025-08-24 20:49:56 UTC</createdTime>
<ownerDesignName>Actividad Formativa 2 Modelamiento Entidad Relacion para BT Airways</ownerDesignName>
<engineerTo>
<item key="AAEE166C-4B0A-AEC5-3227-4A2B9901D99D" value="true"/>
</engineerTo>
<sourcePk>76BFD722-6133-1591-9A6A-43BE828374EA</sourcePk>
<identifying>false</identifying>
<optionalSource>true</optionalSource>
<optionalTarget>false</optionalTarget>
<sourceCardinality>1</sourceCardinality>
<sourceEntity>BE29FE10-9FCE-B8CB-FC13-F3ED95E18927</sourceEntity>
<targetCardinalityString>*</targetCardinalityString>
<targetEntity>36D87164-03CB-D8D8-0773-436DD57229D3</targetEntity>
<transferable>true</transferable>
<deleteRule>NO ACTION</deleteRule>
</Relation>