<?xml version = '1.0' encoding = 'UTF-8'?>
<Relation class="oracle.dbtools.crest.model.design.logical.Relation" name="subtipov1" directorySegmentName="seg_0" id="767587BC-1B5C-0851-CC4F-BAF52B7C848E">
<createdBy>rene_</createdBy>
<createdTime>2025-08-24 21:06:14 UTC</createdTime>
<ownerDesignName>Actividad Formativa 2 Modelamiento Entidad Relacion para BT Airways</ownerDesignName>
<engineerTo>
<item key="AAEE166C-4B0A-AEC5-3227-4A2B9901D99D" value="true"/>
</engineerTo>
<sourcePk>955C82E6-7647-5983-03EF-57248126F838</sourcePk>
<identifying>false</identifying>
<optionalSource>true</optionalSource>
<optionalTarget>false</optionalTarget>
<sourceCardinality>1</sourceCardinality>
<sourceEntity>FD31BD51-2FD1-FF16-8045-77A09179E032</sourceEntity>
<targetCardinalityString>1</targetCardinalityString>
<targetEntity>B41D16CF-A8C9-4F96-46A9-7CE02ABE21B9</targetEntity>
<transferable>true</transferable>
<deleteRule>NO ACTION</deleteRule>
</Relation>