<?xml version = '1.0' encoding = 'UTF-8'?>
<Relation class="oracle.dbtools.crest.model.design.logical.Relation" name="Asignacion_de_vuelo" directorySegmentName="seg_0" id="AE8BD2A9-9966-78B7-B040-827B726522CA">
<createdBy>rene_</createdBy>
<createdTime>2025-08-24 20:47:43 UTC</createdTime>
<ownerDesignName>Actividad Formativa 2 Modelamiento Entidad Relacion para BT Airways</ownerDesignName>
<engineerTo>
<item key="AAEE166C-4B0A-AEC5-3227-4A2B9901D99D" value="true"/>
</engineerTo>
<sourcePk>4647871E-F29A-33E5-2826-52817B9A89BB</sourcePk>
<identifying>false</identifying>
<optionalSource>true</optionalSource>
<optionalTarget>false</optionalTarget>
<sourceCardinality>1</sourceCardinality>
<sourceEntity>A717CDC6-2719-E330-2E67-7E1E7769E47C</sourceEntity>
<targetCardinalityString>*</targetCardinalityString>
<targetEntity>BE29FE10-9FCE-B8CB-FC13-F3ED95E18927</targetEntity>
<transferable>true</transferable>
<deleteRule>NO ACTION</deleteRule>
</Relation>