<?xml version = '1.0' encoding = 'UTF-8'?>
<Relation class="oracle.dbtools.crest.model.design.logical.Relation" name="subtipo" directorySegmentName="seg_0" id="FA2FF90B-8D90-6583-3AB2-F4C5CEE4B68B">
<createdBy>rene_</createdBy>
<createdTime>2025-08-24 21:06:09 UTC</createdTime>
<ownerDesignName>Actividad Formativa 2 Modelamiento Entidad Relacion para BT Airways</ownerDesignName>
<engineerTo>
<item key="AAEE166C-4B0A-AEC5-3227-4A2B9901D99D" value="true"/>
</engineerTo>
<sourcePk>955C82E6-7647-5983-03EF-57248126F838</sourcePk>
<identifying>false</identifying>
<optionalSource>true</optionalSource>
<optionalTarget>false</optionalTarget>
<sourceCardinality>1</sourceCardinality>
<sourceEntity>FD31BD51-2FD1-FF16-8045-77A09179E032</sourceEntity>
<targetCardinalityString>1</targetCardinalityString>
<targetEntity>2D1CB476-B57D-E75A-0F7E-F3A76845783C</targetEntity>
<transferable>true</transferable>
<deleteRule>NO ACTION</deleteRule>
</Relation>