<?xml version = '1.0' encoding = 'UTF-8'?>
<Diagram class="oracle.dbtools.crest.swingui.logical.DPVLogical" name="Logical" id="182695FC-ACAA-C22C-4647-5EB0BEB539E6">
<createdBy>ulloa</createdBy>
<modifiedBy>ulloa</modifiedBy>
<createdTime>2025-08-17 03:09:19 UTC</createdTime>
<autoRoute>false</autoRoute>
<boxInbox>true</boxInbox>
<showLegend>false</showLegend>
<showLabels>false</showLabels>
<showRelAttributes>false</showRelAttributes>
<gridEnabled>false</gridEnabled>
<showGrid>false</showGrid>
<diagramColor>-1</diagramColor>
<display>false</display>
<notation>1</notation>
<objectViews>
<OView class="oracle.dbtools.crest.swingui.logical.TVEntity" oid="16E03D8E-809E-1EEE-0A15-F84A1B8AA9F3" otype="Entity" vid="98D0B156-6FD1-05A6-6314-8A0B9E652D57">
<hideElementsInCurrentOnly>false</hideElementsInCurrentOnly>
<bounds x="636" y="54" width="134" height="102"/>
</OView>
<OView class="oracle.dbtools.crest.swingui.logical.TVEntity" oid="1CFBA68A-A0EF-72B9-23B1-4787F8354353" otype="Entity" vid="E5D99EF4-19A3-5CB1-8FF5-917BDAD7A311">
<hideElementsInCurrentOnly>false</hideElementsInCurrentOnly>
<bounds x="312" y="272" width="150" height="113"/>
</OView>
<OView class="oracle.dbtools.crest.swingui.logical.TVEntity" oid="5CE64CFA-E8DE-E95F-5BBD-A3D36BB3D319" otype="Entity" vid="162D0DCE-77CD-333F-4502-1128C1B4990D">
<hideElementsInCurrentOnly>false</hideElementsInCurrentOnly>
<bounds x="306" y="37" width="187" height="161"/>
</OView>
<OView class="oracle.dbtools.crest.swingui.logical.TVEntity" oid="802A81CA-DEDA-3750-4C8E-8972A74829B0" otype="Entity" vid="CD33B3EA-2C48-4326-DFCB-B3B6A3039631">
<hideElementsInCurrentOnly>false</hideElementsInCurrentOnly>
<bounds x="15" y="27" width="229" height="146"/>
</OView>
</objectViews>
<connectors>
<Connector class="oracle.dbtools.crest.swingui.logical.TVRelation" oid="EA64A017-6940-041F-0D91-C7C3D0B2F63B" otype="Relation" vid_source="CD33B3EA-2C48-4326-DFCB-B3B6A3039631" vid_target="E5D99EF4-19A3-5CB1-8FF5-917BDAD7A311">
<hideElementsInCurrentOnly>false</hideElementsInCurrentOnly>
<backgroundColor>-16777216</backgroundColor>
<lineWidth>1</lineWidth>
<points>
<point x="211" y="173"/>
<point x="323" y="272"/>
</points>
</Connector>
<Connector class="oracle.dbtools.crest.swingui.logical.TVRelation" oid="F67140B2-6682-A959-231A-50381E7CC7E1" otype="Relation" vid_source="162D0DCE-77CD-333F-4502-1128C1B4990D" vid_target="E5D99EF4-19A3-5CB1-8FF5-917BDAD7A311">
<hideElementsInCurrentOnly>false</hideElementsInCurrentOnly>
<backgroundColor>-16777216</backgroundColor>
<lineWidth>1</lineWidth>
<points>
<point x="387" y="198"/>
<point x="387" y="272"/>
</points>
</Connector>
<Connector class="oracle.dbtools.crest.swingui.logical.TVRelation" oid="FD81595B-2A93-47EC-DA1D-5D06E7C30054" otype="Relation" vid_source="98D0B156-6FD1-05A6-6314-8A0B9E652D57" vid_target="E5D99EF4-19A3-5CB1-8FF5-917BDAD7A311">
<hideElementsInCurrentOnly>false</hideElementsInCurrentOnly>
<backgroundColor>-16777216</backgroundColor>
<lineWidth>1</lineWidth>
<points>
<point x="636" y="152"/>
<point x="462" y="275"/>
</points>
</Connector>
</connectors>
<displays>
<Display class="oracle.dbtools.crest.swingui.logical.DPVLogical" name="MER_Barker" id="1295F4A0-2FBF-B7AB-EC97-E749E6F87757">
<createdBy>ulloa</createdBy>
<modifiedBy>ulloa</modifiedBy>
<createdTime>2025-08-17 03:21:19 UTC</createdTime>
<autoRoute>false</autoRoute>
<boxInbox>true</boxInbox>
<showLegend>false</showLegend>
<showLabels>false</showLabels>
<showRelAttributes>false</showRelAttributes>
<gridEnabled>false</gridEnabled>
<showGrid>false</showGrid>
<diagramColor>-1</diagramColor>
<display>true</display>
<notation>1</notation>
<objectViews>
<OView class="oracle.dbtools.crest.swingui.logical.TVEntity" oid="16E03D8E-809E-1EEE-0A15-F84A1B8AA9F3" otype="Entity" vid="25A8A321-011E-FCF5-FF33-4E3BE94A5624">
<hideElementsInCurrentOnly>false</hideElementsInCurrentOnly>
<bounds x="80" y="110" width="170" height="110"/>
</OView>
<OView class="oracle.dbtools.crest.swingui.logical.TVEntity" oid="1CFBA68A-A0EF-72B9-23B1-4787F8354353" otype="Entity" vid="C54800A7-6141-947A-6D02-2660EE1245A2">
<hideElementsInCurrentOnly>false</hideElementsInCurrentOnly>
<bounds x="90" y="130" width="170" height="110"/>
</OView>
<OView class="oracle.dbtools.crest.swingui.logical.TVEntity" oid="5CE64CFA-E8DE-E95F-5BBD-A3D36BB3D319" otype="Entity" vid="7D92D1DF-7AF8-A29C-FF8F-BC3CD315CADD">
<hideElementsInCurrentOnly>false</hideElementsInCurrentOnly>
<bounds x="70" y="90" width="170" height="110"/>
</OView>
<OView class="oracle.dbtools.crest.swingui.logical.TVEntity" oid="802A81CA-DEDA-3750-4C8E-8972A74829B0" otype="Entity" vid="023FF7A7-6431-24F2-833B-ADF537196350">
<hideElementsInCurrentOnly>false</hideElementsInCurrentOnly>
<bounds x="60" y="70" width="170" height="110"/>
</OView>
</objectViews>
<connectors>
<Connector class="oracle.dbtools.crest.swingui.logical.TVRelation" oid="EA64A017-6940-041F-0D91-C7C3D0B2F63B" otype="Relation" vid_source="023FF7A7-6431-24F2-833B-ADF537196350" vid_target="C54800A7-6141-947A-6D02-2660EE1245A2">
<hideElementsInCurrentOnly>false</hideElementsInCurrentOnly>
<backgroundColor>-16777216</backgroundColor>
<lineWidth>1</lineWidth>
<points>
<point x="230" y="155"/>
<point x="90" y="155"/>
</points>
</Connector>
<Connector class="oracle.dbtools.crest.swingui.logical.TVRelation" oid="F67140B2-6682-A959-231A-50381E7CC7E1" otype="Relation" vid_source="7D92D1DF-7AF8-A29C-FF8F-BC3CD315CADD" vid_target="C54800A7-6141-947A-6D02-2660EE1245A2">
<hideElementsInCurrentOnly>false</hideElementsInCurrentOnly>
<backgroundColor>-16777216</backgroundColor>
<lineWidth>1</lineWidth>
<points>
<point x="240" y="165"/>
<point x="90" y="165"/>
</points>
</Connector>
<Connector class="oracle.dbtools.crest.swingui.logical.TVRelation" oid="FD81595B-2A93-47EC-DA1D-5D06E7C30054" otype="Relation" vid_source="25A8A321-011E-FCF5-FF33-4E3BE94A5624" vid_target="C54800A7-6141-947A-6D02-2660EE1245A2">
<hideElementsInCurrentOnly>false</hideElementsInCurrentOnly>
<backgroundColor>-16777216</backgroundColor>
<lineWidth>1</lineWidth>
<points>
<point x="250" y="175"/>
<point x="90" y="175"/>
</points>
</Connector>
</connectors>
</Display>
</displays>
</Diagram>