<?xml version = '1.0' encoding = 'UTF-8'?>
<Entity class="oracle.dbtools.crest.model.design.logical.Entity" directorySegmentName="seg_0" id="1CFBA68A-A0EF-72B9-23B1-4787F8354353" name="RESERVA">
<createdBy>ulloa</createdBy>
<createdTime>2025-08-17 03:23:36 UTC</createdTime>
<ownerDesignName>Act_Format1_Modelamiento_BD</ownerDesignName>
<engineerTo>
<item key="DCC3A6AB-BEE6-F94D-EDA7-E5004D9E72FE" value="true"/>
<item key="CDFCD71A-45AD-EE45-3BC5-5B240FE294D7" value="true"/>
</engineerTo>
<adequatelyNormalized>NO</adequatelyNormalized>
<expectedVolumes>0</expectedVolumes>
<fwdEngineeringStrategyName>Single Table</fwdEngineeringStrategyName>
<growthPercent>0</growthPercent>
<growthType>Year</growthType>
<maxVolumes>9999999</maxVolumes>
<minVolumes>0</minVolumes>
<normalForm>Third</normalForm>
<attributes itemClass="oracle.dbtools.crest.model.design.logical.Attribute">
<Attribute name="num_reserva" id="63AAD1D2-FC68-1943-6A6B-2367257047D3">
<createdBy>ulloa</createdBy>
<createdTime>2025-08-18 00:27:21 UTC</createdTime>
<ownerDesignName>Act_Format1_Modelamiento_BD</ownerDesignName>
<engineerTo>
<item key="DCC3A6AB-BEE6-F94D-EDA7-E5004D9E72FE" value="true"/>
<item key="CDFCD71A-45AD-EE45-3BC5-5B240FE294D7" value="true"/>
</engineerTo>
<useDomainConstraints>false</useDomainConstraints>
<use>1</use>
<logicalDatatype>LOGDT024</logicalDatatype>
<dataTypeSize>20</dataTypeSize>
<ownDataTypeParameters>20,,</ownDataTypeParameters>
</Attribute>
<Attribute name="fecha_reserva" id="55A15A7A-8868-3BD2-9737-CF4207023134">
<createdBy>ulloa</createdBy>
<createdTime>2025-08-18 00:27:40 UTC</createdTime>
<ownerDesignName>Act_Format1_Modelamiento_BD</ownerDesignName>
<engineerTo>
<item key="DCC3A6AB-BEE6-F94D-EDA7-E5004D9E72FE" value="true"/>
<item key="CDFCD71A-45AD-EE45-3BC5-5B240FE294D7" value="true"/>
</engineerTo>
<useDomainConstraints>false</useDomainConstraints>
<use>1</use>
<logicalDatatype>LOGDT007</logicalDatatype>
<ownDataTypeParameters>,,</ownDataTypeParameters>
</Attribute>
<Attribute name="fecha_viaje" id="E357A2F1-7091-C295-7B39-0F75F99AE05E">
<createdBy>ulloa</createdBy>
<createdTime>2025-08-18 00:27:53 UTC</createdTime>
<ownerDesignName>Act_Format1_Modelamiento_BD</ownerDesignName>
<engineerTo>
<item key="DCC3A6AB-BEE6-F94D-EDA7-E5004D9E72FE" value="true"/>
<item key="CDFCD71A-45AD-EE45-3BC5-5B240FE294D7" value="true"/>
</engineerTo>
<useDomainConstraints>false</useDomainConstraints>
<use>1</use>
<logicalDatatype>LOGDT007</logicalDatatype>
<ownDataTypeParameters>,,</ownDataTypeParameters>
</Attribute>
<Attribute name="estado_reserva" id="93E5B492-C546-0B04-D882-461EAFA31CFE">
<createdBy>ulloa</createdBy>
<createdTime>2025-08-18 00:28:05 UTC</createdTime>
<ownerDesignName>Act_Format1_Modelamiento_BD</ownerDesignName>
<engineerTo>
<item key="DCC3A6AB-BEE6-F94D-EDA7-E5004D9E72FE" value="true"/>
<item key="CDFCD71A-45AD-EE45-3BC5-5B240FE294D7" value="true"/>
</engineerTo>
<useDomainConstraints>false</useDomainConstraints>
<use>1</use>
<logicalDatatype>LOGDT024</logicalDatatype>
<dataTypeSize>100</dataTypeSize>
<ownDataTypeParameters>100,,</ownDataTypeParameters>
</Attribute>
<Attribute name="num_pasaporte" id="C74117B9-B4D3-C207-DD0D-20D92A04A5DB">
<createdBy>ulloa</createdBy>
<createdTime>2025-08-18 00:55:04 UTC</createdTime>
<generatorID>EA64A017-6940-041F-0D91-C7C3D0B2F63B</generatorID>
<ownerDesignName>Act_Format1_Modelamiento_BD</ownerDesignName>
<engineerTo>
<item key="DCC3A6AB-BEE6-F94D-EDA7-E5004D9E72FE" value="true"/>
<item key="CDFCD71A-45AD-EE45-3BC5-5B240FE294D7" value="true"/>
</engineerTo>
<referedAttribute>B7229D9B-0427-F5BB-05A2-D728816B07F7</referedAttribute>
<useDomainConstraints>false</useDomainConstraints>
<use>1</use>
<logicalDatatype>LOGDT024</logicalDatatype>
<dataTypeSize>20</dataTypeSize>
<ownDataTypeParameters>,,</ownDataTypeParameters>
</Attribute>
<Attribute name="num_vuelo" id="607B7B97-7DD5-C884-A6DB-94FCCE8C117E">
<createdBy>ulloa</createdBy>
<createdTime>2025-08-18 00:58:22 UTC</createdTime>
<generatorID>FD81595B-2A93-47EC-DA1D-5D06E7C30054</generatorID>
<ownerDesignName>Act_Format1_Modelamiento_BD</ownerDesignName>
<engineerTo>
<item key="DCC3A6AB-BEE6-F94D-EDA7-E5004D9E72FE" value="true"/>
<item key="CDFCD71A-45AD-EE45-3BC5-5B240FE294D7" value="true"/>
</engineerTo>
<referedAttribute>E640D1F9-E89C-5926-42A1-82CD15F40C93</referedAttribute>
<useDomainConstraints>false</useDomainConstraints>
<use>1</use>
<logicalDatatype>LOGDT024</logicalDatatype>
<dataTypeSize>100</dataTypeSize>
<ownDataTypeParameters>,,</ownDataTypeParameters>
</Attribute>
<Attribute name="rut_empleado" id="B84A3A62-269F-24FF-32C7-5E9F6996E97B">
<createdBy>ulloa</createdBy>
<createdTime>2025-08-18 00:59:13 UTC</createdTime>
<generatorID>F67140B2-6682-A959-231A-50381E7CC7E1</generatorID>
<ownerDesignName>Act_Format1_Modelamiento_BD</ownerDesignName>
<engineerTo>
<item key="DCC3A6AB-BEE6-F94D-EDA7-E5004D9E72FE" value="true"/>
<item key="CDFCD71A-45AD-EE45-3BC5-5B240FE294D7" value="true"/>
</engineerTo>
<referedAttribute>99A8ED13-5CBC-C46E-F3BD-50E7B1DB7637</referedAttribute>
<useDomainConstraints>false</useDomainConstraints>
<use>1</use>
<logicalDatatype>LOGDT024</logicalDatatype>
<dataTypeSize>12</dataTypeSize>
<ownDataTypeParameters>,,</ownDataTypeParameters>
</Attribute>
</attributes>
<identifiers itemClass="oracle.dbtools.crest.model.design.logical.CandidateKey">
<identifier id="87F10DB7-AC60-BCB3-8387-3331D8E5AA56" name="RESERVA PK">
<createdBy>ulloa</createdBy>
<createdTime>2025-08-18 00:36:12 UTC</createdTime>
<ownerDesignName>Act_Format1_Modelamiento_BD</ownerDesignName>
<engineerTo>
<item key="DCC3A6AB-BEE6-F94D-EDA7-E5004D9E72FE" value="true"/>
<item key="CDFCD71A-45AD-EE45-3BC5-5B240FE294D7" value="true"/>
</engineerTo>
<pk>true</pk>
<newElementsIDs>63AAD1D2-FC68-1943-6A6B-2367257047D3</newElementsIDs>
<usedAttributes>
<attributeRef>63AAD1D2-FC68-1943-6A6B-2367257047D3</attributeRef>
</usedAttributes>
</identifier>
</identifiers>
</Entity>