<?xml version = '1.0' encoding = 'UTF-8'?>
<Entity class="oracle.dbtools.crest.model.design.logical.Entity" directorySegmentName="seg_0" id="5CE64CFA-E8DE-E95F-5BBD-A3D36BB3D319" name="EMPLEADO">
<createdBy>ulloa</createdBy>
<createdTime>2025-08-17 03:23:24 UTC</createdTime>
<ownerDesignName>Act_Format1_Modelamiento_BD</ownerDesignName>
<engineerTo>
<item key="DCC3A6AB-BEE6-F94D-EDA7-E5004D9E72FE" value="true"/>
<item key="CDFCD71A-45AD-EE45-3BC5-5B240FE294D7" value="true"/>
</engineerTo>
<adequatelyNormalized>NO</adequatelyNormalized>
<expectedVolumes>0</expectedVolumes>
<fwdEngineeringStrategyName>Single Table</fwdEngineeringStrategyName>
<growthPercent>0</growthPercent>
<growthType>Year</growthType>
<maxVolumes>9999999</maxVolumes>
<minVolumes>0</minVolumes>
<normalForm>Third</normalForm>
<attributes itemClass="oracle.dbtools.crest.model.design.logical.Attribute">
<Attribute name="rut_empleado" id="99A8ED13-5CBC-C46E-F3BD-50E7B1DB7637">
<createdBy>ulloa</createdBy>
<createdTime>2025-08-18 00:30:09 UTC</createdTime>
<ownerDesignName>Act_Format1_Modelamiento_BD</ownerDesignName>
<engineerTo>
<item key="DCC3A6AB-BEE6-F94D-EDA7-E5004D9E72FE" value="true"/>
<item key="CDFCD71A-45AD-EE45-3BC5-5B240FE294D7" value="true"/>
</engineerTo>
<useDomainConstraints>false</useDomainConstraints>
<use>1</use>
<logicalDatatype>LOGDT024</logicalDatatype>
<dataTypeSize>12</dataTypeSize>
<ownDataTypeParameters>12,,</ownDataTypeParameters>
</Attribute>
<Attribute name="nombre_completo" id="85279843-F721-48CB-22E2-B113FB2C5D8D">
<createdBy>ulloa</createdBy>
<createdTime>2025-08-18 00:30:31 UTC</createdTime>
<ownerDesignName>Act_Format1_Modelamiento_BD</ownerDesignName>
<engineerTo>
<item key="DCC3A6AB-BEE6-F94D-EDA7-E5004D9E72FE" value="true"/>
<item key="CDFCD71A-45AD-EE45-3BC5-5B240FE294D7" value="true"/>
</engineerTo>
<useDomainConstraints>false</useDomainConstraints>
<use>1</use>
<logicalDatatype>LOGDT024</logicalDatatype>
<dataTypeSize>150</dataTypeSize>
<ownDataTypeParameters>150,,</ownDataTypeParameters>
</Attribute>
<Attribute name="direccion" id="C2AC4426-20E4-AF83-B416-A390AE4745E0">
<createdBy>ulloa</createdBy>
<createdTime>2025-08-18 00:30:45 UTC</createdTime>
<ownerDesignName>Act_Format1_Modelamiento_BD</ownerDesignName>
<engineerTo>
<item key="DCC3A6AB-BEE6-F94D-EDA7-E5004D9E72FE" value="true"/>
<item key="CDFCD71A-45AD-EE45-3BC5-5B240FE294D7" value="true"/>
</engineerTo>
<useDomainConstraints>false</useDomainConstraints>
<use>1</use>
<logicalDatatype>LOGDT024</logicalDatatype>
<dataTypeSize>150</dataTypeSize>
<ownDataTypeParameters>150,,</ownDataTypeParameters>
</Attribute>
<Attribute name="sueldo_base" id="B4170A54-C781-CA1D-4B79-16369FCC25C8">
<createdBy>ulloa</createdBy>
<createdTime>2025-08-18 00:30:58 UTC</createdTime>
<ownerDesignName>Act_Format1_Modelamiento_BD</ownerDesignName>
<engineerTo>
<item key="DCC3A6AB-BEE6-F94D-EDA7-E5004D9E72FE" value="true"/>
<item key="CDFCD71A-45AD-EE45-3BC5-5B240FE294D7" value="true"/>
</engineerTo>
<useDomainConstraints>false</useDomainConstraints>
<use>1</use>
<logicalDatatype>LOGDT019</logicalDatatype>
<dataTypePrecision>10</dataTypePrecision>
<dataTypeScale>2</dataTypeScale>
<ownDataTypeParameters>,10,2</ownDataTypeParameters>
</Attribute>
<Attribute name="fecha_ingreso" id="04C920BF-BEE3-F64D-F085-EA9BA09C9359">
<createdBy>ulloa</createdBy>
<createdTime>2025-08-18 00:31:16 UTC</createdTime>
<ownerDesignName>Act_Format1_Modelamiento_BD</ownerDesignName>
<engineerTo>
<item key="DCC3A6AB-BEE6-F94D-EDA7-E5004D9E72FE" value="true"/>
<item key="CDFCD71A-45AD-EE45-3BC5-5B240FE294D7" value="true"/>
</engineerTo>
<useDomainConstraints>false</useDomainConstraints>
<use>1</use>
<logicalDatatype>LOGDT007</logicalDatatype>
<ownDataTypeParameters>,,</ownDataTypeParameters>
</Attribute>
<Attribute name="genero" id="C40A0CDB-7460-0C4D-D8DE-1AE60C63D5A9">
<createdBy>ulloa</createdBy>
<createdTime>2025-08-18 00:31:29 UTC</createdTime>
<ownerDesignName>Act_Format1_Modelamiento_BD</ownerDesignName>
<engineerTo>
<item key="DCC3A6AB-BEE6-F94D-EDA7-E5004D9E72FE" value="true"/>
<item key="CDFCD71A-45AD-EE45-3BC5-5B240FE294D7" value="true"/>
</engineerTo>
<useDomainConstraints>false</useDomainConstraints>
<use>1</use>
<logicalDatatype>LOGDT024</logicalDatatype>
<dataTypeSize>15</dataTypeSize>
<ownDataTypeParameters>15,,</ownDataTypeParameters>
</Attribute>
<Attribute name="telefono_movil" id="785681EB-CD44-914B-DD2A-C428FFB9E86F">
<createdBy>ulloa</createdBy>
<createdTime>2025-08-18 00:31:58 UTC</createdTime>
<ownerDesignName>Act_Format1_Modelamiento_BD</ownerDesignName>
<engineerTo>
<item key="DCC3A6AB-BEE6-F94D-EDA7-E5004D9E72FE" value="true"/>
<item key="CDFCD71A-45AD-EE45-3BC5-5B240FE294D7" value="true"/>
</engineerTo>
<useDomainConstraints>false</useDomainConstraints>
<use>1</use>
<logicalDatatype>LOGDT024</logicalDatatype>
<dataTypeSize>20</dataTypeSize>
<ownDataTypeParameters>20,,</ownDataTypeParameters>
</Attribute>
<Attribute name="telefono_contacto" id="569BBC71-EA0F-AE95-8E56-4CEF548A0812">
<createdBy>ulloa</createdBy>
<createdTime>2025-08-18 00:32:10 UTC</createdTime>
<ownerDesignName>Act_Format1_Modelamiento_BD</ownerDesignName>
<engineerTo>
<item key="DCC3A6AB-BEE6-F94D-EDA7-E5004D9E72FE" value="true"/>
<item key="CDFCD71A-45AD-EE45-3BC5-5B240FE294D7" value="true"/>
</engineerTo>
<nullsAllowed>true</nullsAllowed>
<useDomainConstraints>false</useDomainConstraints>
<use>1</use>
<logicalDatatype>LOGDT024</logicalDatatype>
<dataTypeSize>20</dataTypeSize>
<ownDataTypeParameters>20,,</ownDataTypeParameters>
</Attribute>
</attributes>
<identifiers itemClass="oracle.dbtools.crest.model.design.logical.CandidateKey">
<identifier id="B844ACDA-BF65-52DB-6EC5-27F98D94D0ED" name="EMPLEADO PK">
<createdBy>ulloa</createdBy>
<createdTime>2025-08-18 00:34:10 UTC</createdTime>
<ownerDesignName>Act_Format1_Modelamiento_BD</ownerDesignName>
<engineerTo>
<item key="DCC3A6AB-BEE6-F94D-EDA7-E5004D9E72FE" value="true"/>
<item key="CDFCD71A-45AD-EE45-3BC5-5B240FE294D7" value="true"/>
</engineerTo>
<pk>true</pk>
<newElementsIDs>99A8ED13-5CBC-C46E-F3BD-50E7B1DB7637</newElementsIDs>
<usedAttributes>
<attributeRef>99A8ED13-5CBC-C46E-F3BD-50E7B1DB7637</attributeRef>
</usedAttributes>
</identifier>
</identifiers>
</Entity>