<?xml version = '1.0' encoding = 'UTF-8'?>
<Entity class="oracle.dbtools.crest.model.design.logical.Entity" directorySegmentName="seg_0" id="802A81CA-DEDA-3750-4C8E-8972A74829B0" name="PASAJERO">
<createdBy>ulloa</createdBy>
<createdTime>2025-08-17 03:23:10 UTC</createdTime>
<ownerDesignName>Act_Format1_Modelamiento_BD</ownerDesignName>
<engineerTo>
<item key="DCC3A6AB-BEE6-F94D-EDA7-E5004D9E72FE" value="true"/>
<item key="CDFCD71A-45AD-EE45-3BC5-5B240FE294D7" value="true"/>
</engineerTo>
<adequatelyNormalized>NO</adequatelyNormalized>
<expectedVolumes>0</expectedVolumes>
<fwdEngineeringStrategyName>Single Table</fwdEngineeringStrategyName>
<growthPercent>0</growthPercent>
<growthType>Year</growthType>
<maxVolumes>9999999</maxVolumes>
<minVolumes>0</minVolumes>
<normalForm>Third</normalForm>
<attributes itemClass="oracle.dbtools.crest.model.design.logical.Attribute">
<Attribute name="num_pasaporte" id="B7229D9B-0427-F5BB-05A2-D728816B07F7">
<createdBy>ulloa</createdBy>
<createdTime>2025-08-17 03:51:14 UTC</createdTime>
<ownerDesignName>Act_Format1_Modelamiento_BD</ownerDesignName>
<engineerTo>
<item key="DCC3A6AB-BEE6-F94D-EDA7-E5004D9E72FE" value="true"/>
<item key="CDFCD71A-45AD-EE45-3BC5-5B240FE294D7" value="true"/>
</engineerTo>
<useDomainConstraints>false</useDomainConstraints>
<use>1</use>
<logicalDatatype>LOGDT024</logicalDatatype>
<dataTypeSize>20</dataTypeSize>
<ownDataTypeParameters>20,,</ownDataTypeParameters>
</Attribute>
<Attribute name="nombre_completo" id="4CCA9150-5931-9121-69A4-D63544551296">
<createdBy>ulloa</createdBy>
<createdTime>2025-08-17 03:58:47 UTC</createdTime>
<ownerDesignName>Act_Format1_Modelamiento_BD</ownerDesignName>
<engineerTo>
<item key="DCC3A6AB-BEE6-F94D-EDA7-E5004D9E72FE" value="true"/>
<item key="CDFCD71A-45AD-EE45-3BC5-5B240FE294D7" value="true"/>
</engineerTo>
<useDomainConstraints>false</useDomainConstraints>
<use>1</use>
<logicalDatatype>LOGDT024</logicalDatatype>
<dataTypeSize>100</dataTypeSize>
<ownDataTypeParameters>100,,</ownDataTypeParameters>
</Attribute>
<Attribute name="fecha_nacimiento" id="ADA9351F-1788-ACBF-852C-3FA24F8EE50D">
<createdBy>ulloa</createdBy>
<createdTime>2025-08-17 04:00:49 UTC</createdTime>
<ownerDesignName>Act_Format1_Modelamiento_BD</ownerDesignName>
<engineerTo>
<item key="DCC3A6AB-BEE6-F94D-EDA7-E5004D9E72FE" value="true"/>
<item key="CDFCD71A-45AD-EE45-3BC5-5B240FE294D7" value="true"/>
</engineerTo>
<useDomainConstraints>false</useDomainConstraints>
<use>1</use>
<logicalDatatype>LOGDT007</logicalDatatype>
<ownDataTypeParameters>,,</ownDataTypeParameters>
</Attribute>
<Attribute name="nacionalidad" id="D04A778D-24E8-572D-24F6-4D29E23DF223">
<createdBy>ulloa</createdBy>
<createdTime>2025-08-17 04:01:06 UTC</createdTime>
<ownerDesignName>Act_Format1_Modelamiento_BD</ownerDesignName>
<engineerTo>
<item key="DCC3A6AB-BEE6-F94D-EDA7-E5004D9E72FE" value="true"/>
<item key="CDFCD71A-45AD-EE45-3BC5-5B240FE294D7" value="true"/>
</engineerTo>
<useDomainConstraints>false</useDomainConstraints>
<use>1</use>
<logicalDatatype>LOGDT024</logicalDatatype>
<dataTypeSize>50</dataTypeSize>
<ownDataTypeParameters>50,,</ownDataTypeParameters>
</Attribute>
<Attribute name="telefono_contacto" id="AD1FB218-7EE1-353E-A3DC-D3C2A4AD655A">
<createdBy>ulloa</createdBy>
<createdTime>2025-08-17 04:01:23 UTC</createdTime>
<ownerDesignName>Act_Format1_Modelamiento_BD</ownerDesignName>
<engineerTo>
<item key="DCC3A6AB-BEE6-F94D-EDA7-E5004D9E72FE" value="true"/>
<item key="CDFCD71A-45AD-EE45-3BC5-5B240FE294D7" value="true"/>
</engineerTo>
<useDomainConstraints>false</useDomainConstraints>
<use>1</use>
<logicalDatatype>LOGDT024</logicalDatatype>
<dataTypeSize>20</dataTypeSize>
<ownDataTypeParameters>20,,</ownDataTypeParameters>
</Attribute>
<Attribute name="email" id="C0452CA3-467F-D2B2-F951-B6385586F534">
<createdBy>ulloa</createdBy>
<createdTime>2025-08-17 04:01:39 UTC</createdTime>
<ownerDesignName>Act_Format1_Modelamiento_BD</ownerDesignName>
<engineerTo>
<item key="DCC3A6AB-BEE6-F94D-EDA7-E5004D9E72FE" value="true"/>
<item key="CDFCD71A-45AD-EE45-3BC5-5B240FE294D7" value="true"/>
</engineerTo>
<useDomainConstraints>false</useDomainConstraints>
<use>1</use>
<logicalDatatype>LOGDT024</logicalDatatype>
<dataTypeSize>100</dataTypeSize>
<ownDataTypeParameters>100,,</ownDataTypeParameters>
</Attribute>
</attributes>
<identifiers itemClass="oracle.dbtools.crest.model.design.logical.CandidateKey">
<identifier id="0E43CFCA-B861-6827-D8C1-9B03ED0779E1" name="PASAJERO_PK">
<createdBy>ulloa</createdBy>
<createdTime>2025-08-18 00:47:10 UTC</createdTime>
<ownerDesignName>Act_Format1_Modelamiento_BD</ownerDesignName>
<engineerTo>
<item key="DCC3A6AB-BEE6-F94D-EDA7-E5004D9E72FE" value="true"/>
<item key="CDFCD71A-45AD-EE45-3BC5-5B240FE294D7" value="true"/>
</engineerTo>
<pk>true</pk>
<newElementsIDs>B7229D9B-0427-F5BB-05A2-D728816B07F7</newElementsIDs>
<usedAttributes>
<attributeRef>B7229D9B-0427-F5BB-05A2-D728816B07F7</attributeRef>
</usedAttributes>
</identifier>
</identifiers>
</Entity>