<?xml version = '1.0' encoding = 'UTF-8'?>
<relationalModel class="oracle.dbtools.crest.model.design.relational.RelationalDesign" name="Relational_2" id="CDFCD71A-45AD-EE45-3BC5-5B240FE294D7" mainViewID="131A8025-E7E0-6C6B-EC31-A2BBA24EE10F">
<createdBy>ulloa</createdBy>
<createdTime>2025-08-17 03:09:27 UTC</createdTime>
<ownerDesignName>Act_Format1_Modelamiento_BD</ownerDesignName>
<shouldBeOpen>false</shouldBeOpen>
<selectedRDBMSSite>32076570-2523-435C-2E92-BF29817DFF70</selectedRDBMSSite>
</relationalModel>