<?xml version = '1.0' encoding = 'UTF-8'?>
<relationalModel class="oracle.dbtools.crest.model.design.relational.RelationalDesign" name="Relational_1" id="DCC3A6AB-BEE6-F94D-EDA7-E5004D9E72FE" mainViewID="0B03FE0B-B7C6-4C1D-CC42-153F613F65B9">
<createdBy>ulloa</createdBy>
<createdTime>2025-08-17 03:08:19 UTC</createdTime>
<ownerDesignName>Act_Format1_Modelamiento_BD</ownerDesignName>
<shouldBeOpen>false</shouldBeOpen>
<selectedRDBMSSite>32076570-2523-435C-2E92-BF29817DFF70</selectedRDBMSSite>
</relationalModel>