<?xml version = '1.0' encoding = 'UTF-8'?>
<Diagram class="oracle.dbtools.crest.swingui.relational.DPVRelational" name="Relational_1" id="0B03FE0B-B7C6-4C1D-CC42-153F613F65B9">
<createdBy>ulloa</createdBy>
<modifiedBy>ulloa</modifiedBy>
<createdTime>2025-08-17 03:09:18 UTC</createdTime>
<autoRoute>false</autoRoute>
<boxInbox>true</boxInbox>
<showLegend>false</showLegend>
<showLabels>false</showLabels>
<showRelAttributes>false</showRelAttributes>
<gridEnabled>false</gridEnabled>
<showGrid>false</showGrid>
<diagramColor>-1</diagramColor>
<display>false</display>
<notation>1</notation>
<objectViews>
<OView class="oracle.dbtools.crest.swingui.relational.TVTable" oid="457FF007-B8C4-95F3-11FD-62AD618DDCD6" otype="Table" vid="64F033EA-928D-CEB5-1237-49D6DF79C672">
<hideElementsInCurrentOnly>false</hideElementsInCurrentOnly>
<bounds x="404" y="48" width="230" height="166"/>
</OView>
<OView class="oracle.dbtools.crest.swingui.relational.TVTable" oid="505C8211-E77A-6B0C-E685-0B521DC046AB" otype="Table" vid="2E0A9657-FF50-E637-F6AA-F8A6B0A8661D">
<hideElementsInCurrentOnly>false</hideElementsInCurrentOnly>
<bounds x="314" y="326" width="298" height="199"/>
</OView>
<OView class="oracle.dbtools.crest.swingui.relational.TVTable" oid="BBFF98DF-CD23-9EF7-1CFA-C9D8BEB91154" otype="Table" vid="9D8E054A-EF82-BDD8-EB1A-CD5AC77D7D73">
<hideElementsInCurrentOnly>false</hideElementsInCurrentOnly>
<bounds x="19" y="89" width="229" height="146"/>
</OView>
<OView class="oracle.dbtools.crest.swingui.relational.TVTable" oid="BC545A52-2F14-B6E4-D516-D8EB579081FA" otype="Table" vid="0AE24BBF-A83F-FA4F-9269-664DD62F0716">
<hideElementsInCurrentOnly>false</hideElementsInCurrentOnly>
<bounds x="785" y="86" width="223" height="141"/>
</OView>
</objectViews>
<connectors>
<Connector class="oracle.dbtools.crest.swingui.relational.TVFKRelation" oid="13005E95-BD74-CFA2-9AF9-0E9325DD39BD" otype="FKIndexAssociation" vid_source="0AE24BBF-A83F-FA4F-9269-664DD62F0716" vid_target="2E0A9657-FF50-E637-F6AA-F8A6B0A8661D">
<hideElementsInCurrentOnly>false</hideElementsInCurrentOnly>
<backgroundColor>-16777216</backgroundColor>
<lineWidth>1</lineWidth>
<points>
<point x="785" y="225"/>
<point x="612" y="333"/>
</points>
</Connector>
<Connector class="oracle.dbtools.crest.swingui.relational.TVFKRelation" oid="A720BE05-58B1-5DEE-A474-33951F95DC11" otype="FKIndexAssociation" vid_source="64F033EA-928D-CEB5-1237-49D6DF79C672" vid_target="2E0A9657-FF50-E637-F6AA-F8A6B0A8661D">
<hideElementsInCurrentOnly>false</hideElementsInCurrentOnly>
<backgroundColor>-16777216</backgroundColor>
<lineWidth>1</lineWidth>
<points>
<point x="508" y="214"/>
<point x="508" y="326"/>
</points>
</Connector>
<Connector class="oracle.dbtools.crest.swingui.relational.TVFKRelation" oid="DB286691-E749-D9C9-8963-35E20172C988" otype="FKIndexAssociation" vid_source="9D8E054A-EF82-BDD8-EB1A-CD5AC77D7D73" vid_target="2E0A9657-FF50-E637-F6AA-F8A6B0A8661D">
<hideElementsInCurrentOnly>false</hideElementsInCurrentOnly>
<backgroundColor>-16777216</backgroundColor>
<lineWidth>1</lineWidth>
<points>
<point x="224" y="235"/>
<point x="338" y="326"/>
</points>
</Connector>
</connectors>
</Diagram>