<?xml version = '1.0' encoding = 'UTF-8'?>
<FKIndexAssociation class="oracle.dbtools.crest.model.design.relational.FKIndexAssociation" directorySegmentName="seg_0" id="13005E95-BD74-CFA2-9AF9-0E9325DD39BD" containerWithKeyObject="505C8211-E77A-6B0C-E685-0B521DC046AB" localFKIndex="0880D4B5-1045-91C5-4EC2-A9C426D6FBB2" name="RESERVA_VUELO_FK">
<createdBy>ulloa</createdBy>
<createdTime>2025-08-18 01:04:21 UTC</createdTime>
<generatorID>FD81595B-2A93-47EC-DA1D-5D06E7C30054</generatorID>
<ownerDesignName>Act_Format1_Modelamiento_BD</ownerDesignName>
<referredTableLongName>VUELO</referredTableLongName>
<deleteRule>NO ACTION</deleteRule>
<referredTableID>BC545A52-2F14-B6E4-D516-D8EB579081FA</referredTableID>
<keyObject>197AA5DB-D10A-FB61-A7F6-42B861229F21</keyObject>
<referredKeyID>197AA5DB-D10A-FB61-A7F6-42B861229F21</referredKeyID>
<mandatory>true</mandatory>
<refColNames>num_vuelo</refColNames>
<transferable>true</transferable>
<rely>false</rely>
<columnDependencyConstraintGenerateInDDL>true</columnDependencyConstraintGenerateInDDL>
</FKIndexAssociation>