<?xml version = '1.0' encoding = 'UTF-8'?>
<FKIndexAssociation class="oracle.dbtools.crest.model.design.relational.FKIndexAssociation" directorySegmentName="seg_0" id="A720BE05-58B1-5DEE-A474-33951F95DC11" containerWithKeyObject="505C8211-E77A-6B0C-E685-0B521DC046AB" localFKIndex="00466834-7E86-673A-854D-21BB2059C0A8" name="RESERVA_EMPLEADO_FK">
<createdBy>ulloa</createdBy>
<createdTime>2025-08-18 01:04:21 UTC</createdTime>
<generatorID>F67140B2-6682-A959-231A-50381E7CC7E1</generatorID>
<ownerDesignName>Act_Format1_Modelamiento_BD</ownerDesignName>
<referredTableLongName>EMPLEADO</referredTableLongName>
<deleteRule>NO ACTION</deleteRule>
<referredTableID>457FF007-B8C4-95F3-11FD-62AD618DDCD6</referredTableID>
<keyObject>CCA00C9B-0831-28EE-6A6E-AE5DF9BB0A9A</keyObject>
<referredKeyID>CCA00C9B-0831-28EE-6A6E-AE5DF9BB0A9A</referredKeyID>
<mandatory>true</mandatory>
<refColNames>rut_empleado</refColNames>
<transferable>true</transferable>
<rely>false</rely>
<columnDependencyConstraintGenerateInDDL>true</columnDependencyConstraintGenerateInDDL>
</FKIndexAssociation>