<?xml version = '1.0' encoding = 'UTF-8'?>
<FKIndexAssociation class="oracle.dbtools.crest.model.design.relational.FKIndexAssociation" directorySegmentName="seg_0" id="DB286691-E749-D9C9-8963-35E20172C988" containerWithKeyObject="505C8211-E77A-6B0C-E685-0B521DC046AB" localFKIndex="A2CE73C6-9D9D-6398-EF53-0D7EB891D536" name="RESERVA_PASAJERO_FK">
<createdBy>ulloa</createdBy>
<createdTime>2025-08-18 01:04:21 UTC</createdTime>
<generatorID>EA64A017-6940-041F-0D91-C7C3D0B2F63B</generatorID>
<ownerDesignName>Act_Format1_Modelamiento_BD</ownerDesignName>
<referredTableLongName>PASAJERO</referredTableLongName>
<deleteRule>NO ACTION</deleteRule>
<referredTableID>BBFF98DF-CD23-9EF7-1CFA-C9D8BEB91154</referredTableID>
<keyObject>C2007387-6C14-F943-754C-5F6589D03BF6</keyObject>
<referredKeyID>C2007387-6C14-F943-754C-5F6589D03BF6</referredKeyID>
<mandatory>true</mandatory>
<refColNames>num_pasaporte</refColNames>
<transferable>true</transferable>
<rely>false</rely>
<columnDependencyConstraintGenerateInDDL>true</columnDependencyConstraintGenerateInDDL>
</FKIndexAssociation>