<?xml version = '1.0' encoding = 'UTF-8'?>
<Table class="oracle.dbtools.crest.model.design.relational.Table" directorySegmentName="seg_0" id="457FF007-B8C4-95F3-11FD-62AD618DDCD6" name="EMPLEADO">
<createdBy>ulloa</createdBy>
<createdTime>2025-08-18 01:04:21 UTC</createdTime>
<generatorID>5CE64CFA-E8DE-E95F-5BBD-A3D36BB3D319</generatorID>
<ownerDesignName>Act_Format1_Modelamiento_BD</ownerDesignName>
<allowColumnReorder>false</allowColumnReorder>
<existDependencyGenerateInDDl>true</existDependencyGenerateInDDl>
<parsed>true</parsed>
<columns itemClass="oracle.dbtools.crest.model.design.relational.Column">
<Column name="rut_empleado" id="094016EF-BF04-4BD1-05BB-14AC096CDAD2">
<createdBy>ulloa</createdBy>
<createdTime>2025-08-18 01:04:21 UTC</createdTime>
<generatorID>99A8ED13-5CBC-C46E-F3BD-50E7B1DB7637</generatorID>
<ownerDesignName>Act_Format1_Modelamiento_BD</ownerDesignName>
<useDomainConstraints>false</useDomainConstraints>
<use>1</use>
<logicalDatatype>LOGDT024</logicalDatatype>
<dataTypeSize>12</dataTypeSize>
<ownDataTypeParameters>12,,</ownDataTypeParameters>
<autoIncrementCycle>false</autoIncrementCycle>
</Column>
<Column name="nombre_completo" id="5110F58B-93DC-D18C-D040-32806479EBD9">
<createdBy>ulloa</createdBy>
<createdTime>2025-08-18 01:04:21 UTC</createdTime>
<generatorID>85279843-F721-48CB-22E2-B113FB2C5D8D</generatorID>
<ownerDesignName>Act_Format1_Modelamiento_BD</ownerDesignName>
<useDomainConstraints>false</useDomainConstraints>
<use>1</use>
<logicalDatatype>LOGDT024</logicalDatatype>
<dataTypeSize>150</dataTypeSize>
<ownDataTypeParameters>150,,</ownDataTypeParameters>
<autoIncrementCycle>false</autoIncrementCycle>
</Column>
<Column name="direccion" id="669AD65A-3254-870C-84A0-1D666941B755">
<createdBy>ulloa</createdBy>
<createdTime>2025-08-18 01:04:21 UTC</createdTime>
<generatorID>C2AC4426-20E4-AF83-B416-A390AE4745E0</generatorID>
<ownerDesignName>Act_Format1_Modelamiento_BD</ownerDesignName>
<useDomainConstraints>false</useDomainConstraints>
<use>1</use>
<logicalDatatype>LOGDT024</logicalDatatype>
<dataTypeSize>150</dataTypeSize>
<ownDataTypeParameters>150,,</ownDataTypeParameters>
<autoIncrementCycle>false</autoIncrementCycle>
</Column>
<Column name="sueldo_base" id="42FB7666-2D73-08C5-4514-324632E4C977">
<createdBy>ulloa</createdBy>
<createdTime>2025-08-18 01:04:21 UTC</createdTime>
<generatorID>B4170A54-C781-CA1D-4B79-16369FCC25C8</generatorID>
<ownerDesignName>Act_Format1_Modelamiento_BD</ownerDesignName>
<useDomainConstraints>false</useDomainConstraints>
<use>1</use>
<logicalDatatype>LOGDT019</logicalDatatype>
<dataTypePrecision>10</dataTypePrecision>
<dataTypeScale>2</dataTypeScale>
<ownDataTypeParameters>,10,2</ownDataTypeParameters>
<autoIncrementCycle>false</autoIncrementCycle>
</Column>
<Column name="fecha_ingreso" id="832D578A-CAF3-F93B-974A-72B96B57972B">
<createdBy>ulloa</createdBy>
<createdTime>2025-08-18 01:04:21 UTC</createdTime>
<generatorID>04C920BF-BEE3-F64D-F085-EA9BA09C9359</generatorID>
<ownerDesignName>Act_Format1_Modelamiento_BD</ownerDesignName>
<useDomainConstraints>false</useDomainConstraints>
<use>1</use>
<logicalDatatype>LOGDT007</logicalDatatype>
<ownDataTypeParameters>,,</ownDataTypeParameters>
<autoIncrementCycle>false</autoIncrementCycle>
</Column>
<Column name="genero" id="FC2328A4-C926-92D7-3C10-3768A58591E7">
<createdBy>ulloa</createdBy>
<createdTime>2025-08-18 01:04:21 UTC</createdTime>
<generatorID>C40A0CDB-7460-0C4D-D8DE-1AE60C63D5A9</generatorID>
<ownerDesignName>Act_Format1_Modelamiento_BD</ownerDesignName>
<useDomainConstraints>false</useDomainConstraints>
<use>1</use>
<logicalDatatype>LOGDT024</logicalDatatype>
<dataTypeSize>15</dataTypeSize>
<ownDataTypeParameters>15,,</ownDataTypeParameters>
<autoIncrementCycle>false</autoIncrementCycle>
</Column>
<Column name="telefono_movil" id="5EBD5FCF-6E97-4373-2F97-60E1043C3A59">
<createdBy>ulloa</createdBy>
<createdTime>2025-08-18 01:04:21 UTC</createdTime>
<generatorID>785681EB-CD44-914B-DD2A-C428FFB9E86F</generatorID>
<ownerDesignName>Act_Format1_Modelamiento_BD</ownerDesignName>
<useDomainConstraints>false</useDomainConstraints>
<use>1</use>
<logicalDatatype>LOGDT024</logicalDatatype>
<dataTypeSize>20</dataTypeSize>
<ownDataTypeParameters>20,,</ownDataTypeParameters>
<autoIncrementCycle>false</autoIncrementCycle>
</Column>
<Column name="telefono_contacto" id="C2E05BB2-13FD-308B-4C3A-CBC9654029CD">
<createdBy>ulloa</createdBy>
<createdTime>2025-08-18 01:04:21 UTC</createdTime>
<generatorID>569BBC71-EA0F-AE95-8E56-4CEF548A0812</generatorID>
<ownerDesignName>Act_Format1_Modelamiento_BD</ownerDesignName>
<nullsAllowed>true</nullsAllowed>
<useDomainConstraints>false</useDomainConstraints>
<use>1</use>
<logicalDatatype>LOGDT024</logicalDatatype>
<dataTypeSize>20</dataTypeSize>
<ownDataTypeParameters>20,,</ownDataTypeParameters>
<autoIncrementCycle>false</autoIncrementCycle>
</Column>
</columns>
<indexes itemClass="oracle.dbtools.crest.model.design.relational.Index">
<ind_PK_UK id="CCA00C9B-0831-28EE-6A6E-AE5DF9BB0A9A" name="EMPLEADO_PK">
<createdBy>ulloa</createdBy>
<createdTime>2025-08-18 01:04:21 UTC</createdTime>
<generatorID>B844ACDA-BF65-52DB-6EC5-27F98D94D0ED</generatorID>
<ownerDesignName>Act_Format1_Modelamiento_BD</ownerDesignName>
<pk>true</pk>
<indexState>Primary Constraint</indexState>
<isSurrogateKey>false</isSurrogateKey>
<indexColumnUsage>
<colUsage columnID="094016EF-BF04-4BD1-05BB-14AC096CDAD2"/>
</indexColumnUsage>
</ind_PK_UK>
</indexes>
</Table>