<?xml version = '1.0' encoding = 'UTF-8'?>
<Table class="oracle.dbtools.crest.model.design.relational.Table" directorySegmentName="seg_0" id="505C8211-E77A-6B0C-E685-0B521DC046AB" name="RESERVA">
<createdBy>ulloa</createdBy>
<createdTime>2025-08-18 01:04:21 UTC</createdTime>
<generatorID>1CFBA68A-A0EF-72B9-23B1-4787F8354353</generatorID>
<ownerDesignName>Act_Format1_Modelamiento_BD</ownerDesignName>
<allowColumnReorder>false</allowColumnReorder>
<existDependencyGenerateInDDl>true</existDependencyGenerateInDDl>
<parsed>true</parsed>
<columns itemClass="oracle.dbtools.crest.model.design.relational.Column">
<Column name="num_reserva" id="467B7147-7DC2-7A5C-23E9-68C0187B733C">
<createdBy>ulloa</createdBy>
<createdTime>2025-08-18 01:04:21 UTC</createdTime>
<generatorID>63AAD1D2-FC68-1943-6A6B-2367257047D3</generatorID>
<ownerDesignName>Act_Format1_Modelamiento_BD</ownerDesignName>
<useDomainConstraints>false</useDomainConstraints>
<use>1</use>
<logicalDatatype>LOGDT024</logicalDatatype>
<dataTypeSize>20</dataTypeSize>
<ownDataTypeParameters>20,,</ownDataTypeParameters>
<autoIncrementCycle>false</autoIncrementCycle>
</Column>
<Column name="fecha_reserva" id="49032019-960E-BA4C-565D-5B00D5900EF2">
<createdBy>ulloa</createdBy>
<createdTime>2025-08-18 01:04:21 UTC</createdTime>
<generatorID>55A15A7A-8868-3BD2-9737-CF4207023134</generatorID>
<ownerDesignName>Act_Format1_Modelamiento_BD</ownerDesignName>
<useDomainConstraints>false</useDomainConstraints>
<use>1</use>
<logicalDatatype>LOGDT007</logicalDatatype>
<ownDataTypeParameters>,,</ownDataTypeParameters>
<autoIncrementCycle>false</autoIncrementCycle>
</Column>
<Column name="fecha_viaje" id="5EBAA885-9C08-3A6E-38E9-116370B0CC4E">
<createdBy>ulloa</createdBy>
<createdTime>2025-08-18 01:04:21 UTC</createdTime>
<generatorID>E357A2F1-7091-C295-7B39-0F75F99AE05E</generatorID>
<ownerDesignName>Act_Format1_Modelamiento_BD</ownerDesignName>
<useDomainConstraints>false</useDomainConstraints>
<use>1</use>
<logicalDatatype>LOGDT007</logicalDatatype>
<ownDataTypeParameters>,,</ownDataTypeParameters>
<autoIncrementCycle>false</autoIncrementCycle>
</Column>
<Column name="estado_reserva" id="C06C738C-8F7D-6154-6A55-BEA895BD4C89">
<createdBy>ulloa</createdBy>
<createdTime>2025-08-18 01:04:21 UTC</createdTime>
<generatorID>93E5B492-C546-0B04-D882-461EAFA31CFE</generatorID>
<ownerDesignName>Act_Format1_Modelamiento_BD</ownerDesignName>
<useDomainConstraints>false</useDomainConstraints>
<use>1</use>
<logicalDatatype>LOGDT024</logicalDatatype>
<dataTypeSize>100</dataTypeSize>
<ownDataTypeParameters>100,,</ownDataTypeParameters>
<autoIncrementCycle>false</autoIncrementCycle>
</Column>
<Column name="PASAJERO_num_pasaporte" id="B52515A4-0E81-5AD5-6239-99185195A0AF">
<createdBy>ulloa</createdBy>
<createdTime>2025-08-18 01:04:21 UTC</createdTime>
<generatorID>C74117B9-B4D3-C207-DD0D-20D92A04A5DB</generatorID>
<ownerDesignName>Act_Format1_Modelamiento_BD</ownerDesignName>
<useDomainConstraints>false</useDomainConstraints>
<use>1</use>
<logicalDatatype>LOGDT024</logicalDatatype>
<dataTypeSize>20</dataTypeSize>
<ownDataTypeParameters>,,</ownDataTypeParameters>
<previousColumn>false</previousColumn>
<autoIncrementCycle>false</autoIncrementCycle>
<associations>
<colAssociation fkAssociation="DB286691-E749-D9C9-8963-35E20172C988" referredColumn="4E8DA80B-26E1-1AC3-1A72-395469AEFF73"/>
</associations>
</Column>
<Column name="VUELO_num_vuelo" id="567A76E6-9B7A-C394-B8EF-D72630F1CF87">
<createdBy>ulloa</createdBy>
<createdTime>2025-08-18 01:04:21 UTC</createdTime>
<generatorID>607B7B97-7DD5-C884-A6DB-94FCCE8C117E</generatorID>
<ownerDesignName>Act_Format1_Modelamiento_BD</ownerDesignName>
<useDomainConstraints>false</useDomainConstraints>
<use>1</use>
<logicalDatatype>LOGDT024</logicalDatatype>
<dataTypeSize>100</dataTypeSize>
<ownDataTypeParameters>,,</ownDataTypeParameters>
<previousColumn>false</previousColumn>
<autoIncrementCycle>false</autoIncrementCycle>
<associations>
<colAssociation fkAssociation="13005E95-BD74-CFA2-9AF9-0E9325DD39BD" referredColumn="1E1206C2-654E-6C8B-74DF-B6FFB6418866"/>
</associations>
</Column>
<Column name="EMPLEADO_rut_empleado" id="54F046A5-9492-65F1-6F8E-D94E7247A60F">
<createdBy>ulloa</createdBy>
<createdTime>2025-08-18 01:04:21 UTC</createdTime>
<generatorID>B84A3A62-269F-24FF-32C7-5E9F6996E97B</generatorID>
<ownerDesignName>Act_Format1_Modelamiento_BD</ownerDesignName>
<useDomainConstraints>false</useDomainConstraints>
<use>1</use>
<logicalDatatype>LOGDT024</logicalDatatype>
<dataTypeSize>12</dataTypeSize>
<ownDataTypeParameters>,,</ownDataTypeParameters>
<previousColumn>false</previousColumn>
<autoIncrementCycle>false</autoIncrementCycle>
<associations>
<colAssociation fkAssociation="A720BE05-58B1-5DEE-A474-33951F95DC11" referredColumn="094016EF-BF04-4BD1-05BB-14AC096CDAD2"/>
</associations>
</Column>
</columns>
<indexes itemClass="oracle.dbtools.crest.model.design.relational.Index">
<ind_PK_UK id="A713D291-86B0-FF74-C976-10EE8A150969" name="RESERVA_PK">
<createdBy>ulloa</createdBy>
<createdTime>2025-08-18 01:04:21 UTC</createdTime>
<generatorID>87F10DB7-AC60-BCB3-8387-3331D8E5AA56</generatorID>
<ownerDesignName>Act_Format1_Modelamiento_BD</ownerDesignName>
<pk>true</pk>
<indexState>Primary Constraint</indexState>
<isSurrogateKey>false</isSurrogateKey>
<indexColumnUsage>
<colUsage columnID="467B7147-7DC2-7A5C-23E9-68C0187B733C"/>
</indexColumnUsage>
</ind_PK_UK>
<ind_PK_UK id="00466834-7E86-673A-854D-21BB2059C0A8" name="RESERVA_EMPLEADO_FK">
<createdBy>ulloa</createdBy>
<createdTime>2025-08-18 01:04:21 UTC</createdTime>
<generatorID>F67140B2-6682-A959-231A-50381E7CC7E1</generatorID>
<ownerDesignName>Act_Format1_Modelamiento_BD</ownerDesignName>
<indexState>Foreign Key</indexState>
<isSurrogateKey>false</isSurrogateKey>
<indexColumnUsage>
<colUsage columnID="54F046A5-9492-65F1-6F8E-D94E7247A60F"/>
</indexColumnUsage>
</ind_PK_UK>
<ind_PK_UK id="A2CE73C6-9D9D-6398-EF53-0D7EB891D536" name="RESERVA_PASAJERO_FK">
<createdBy>ulloa</createdBy>
<createdTime>2025-08-18 01:04:21 UTC</createdTime>
<generatorID>EA64A017-6940-041F-0D91-C7C3D0B2F63B</generatorID>
<ownerDesignName>Act_Format1_Modelamiento_BD</ownerDesignName>
<indexState>Foreign Key</indexState>
<isSurrogateKey>false</isSurrogateKey>
<indexColumnUsage>
<colUsage columnID="B52515A4-0E81-5AD5-6239-99185195A0AF"/>
</indexColumnUsage>
</ind_PK_UK>
<ind_PK_UK id="0880D4B5-1045-91C5-4EC2-A9C426D6FBB2" name="RESERVA_VUELO_FK">
<createdBy>ulloa</createdBy>
<createdTime>2025-08-18 01:04:21 UTC</createdTime>
<generatorID>FD81595B-2A93-47EC-DA1D-5D06E7C30054</generatorID>
<ownerDesignName>Act_Format1_Modelamiento_BD</ownerDesignName>
<indexState>Foreign Key</indexState>
<isSurrogateKey>false</isSurrogateKey>
<indexColumnUsage>
<colUsage columnID="567A76E6-9B7A-C394-B8EF-D72630F1CF87"/>
</indexColumnUsage>
</ind_PK_UK>
</indexes>
</Table>