<?xml version = '1.0' encoding = 'UTF-8'?>
<Table class="oracle.dbtools.crest.model.design.relational.Table" directorySegmentName="seg_0" id="BBFF98DF-CD23-9EF7-1CFA-C9D8BEB91154" name="PASAJERO">
<createdBy>ulloa</createdBy>
<createdTime>2025-08-18 01:04:21 UTC</createdTime>
<generatorID>802A81CA-DEDA-3750-4C8E-8972A74829B0</generatorID>
<ownerDesignName>Act_Format1_Modelamiento_BD</ownerDesignName>
<allowColumnReorder>false</allowColumnReorder>
<existDependencyGenerateInDDl>true</existDependencyGenerateInDDl>
<parsed>true</parsed>
<columns itemClass="oracle.dbtools.crest.model.design.relational.Column">
<Column name="num_pasaporte" id="4E8DA80B-26E1-1AC3-1A72-395469AEFF73">
<createdBy>ulloa</createdBy>
<createdTime>2025-08-18 01:04:21 UTC</createdTime>
<generatorID>B7229D9B-0427-F5BB-05A2-D728816B07F7</generatorID>
<ownerDesignName>Act_Format1_Modelamiento_BD</ownerDesignName>
<useDomainConstraints>false</useDomainConstraints>
<use>1</use>
<logicalDatatype>LOGDT024</logicalDatatype>
<dataTypeSize>20</dataTypeSize>
<ownDataTypeParameters>20,,</ownDataTypeParameters>
<autoIncrementCycle>false</autoIncrementCycle>
</Column>
<Column name="nombre_completo" id="76D23BD9-FC33-17B9-6D01-88B16161EEEF">
<createdBy>ulloa</createdBy>
<createdTime>2025-08-18 01:04:21 UTC</createdTime>
<generatorID>4CCA9150-5931-9121-69A4-D63544551296</generatorID>
<ownerDesignName>Act_Format1_Modelamiento_BD</ownerDesignName>
<useDomainConstraints>false</useDomainConstraints>
<use>1</use>
<logicalDatatype>LOGDT024</logicalDatatype>
<dataTypeSize>100</dataTypeSize>
<ownDataTypeParameters>100,,</ownDataTypeParameters>
<autoIncrementCycle>false</autoIncrementCycle>
</Column>
<Column name="fecha_nacimiento" id="0736D658-69F8-A2F7-C26C-23BB95351B30">
<createdBy>ulloa</createdBy>
<createdTime>2025-08-18 01:04:21 UTC</createdTime>
<generatorID>ADA9351F-1788-ACBF-852C-3FA24F8EE50D</generatorID>
<ownerDesignName>Act_Format1_Modelamiento_BD</ownerDesignName>
<useDomainConstraints>false</useDomainConstraints>
<use>1</use>
<logicalDatatype>LOGDT007</logicalDatatype>
<ownDataTypeParameters>,,</ownDataTypeParameters>
<autoIncrementCycle>false</autoIncrementCycle>
</Column>
<Column name="nacionalidad" id="559706E5-288F-C562-CF34-BDEC24FE0809">
<createdBy>ulloa</createdBy>
<createdTime>2025-08-18 01:04:21 UTC</createdTime>
<generatorID>D04A778D-24E8-572D-24F6-4D29E23DF223</generatorID>
<ownerDesignName>Act_Format1_Modelamiento_BD</ownerDesignName>
<useDomainConstraints>false</useDomainConstraints>
<use>1</use>
<logicalDatatype>LOGDT024</logicalDatatype>
<dataTypeSize>50</dataTypeSize>
<ownDataTypeParameters>50,,</ownDataTypeParameters>
<autoIncrementCycle>false</autoIncrementCycle>
</Column>
<Column name="telefono_contacto" id="9CFB5EB5-75D8-6A01-1C77-7B50371C145F">
<createdBy>ulloa</createdBy>
<createdTime>2025-08-18 01:04:21 UTC</createdTime>
<generatorID>AD1FB218-7EE1-353E-A3DC-D3C2A4AD655A</generatorID>
<ownerDesignName>Act_Format1_Modelamiento_BD</ownerDesignName>
<useDomainConstraints>false</useDomainConstraints>
<use>1</use>
<logicalDatatype>LOGDT024</logicalDatatype>
<dataTypeSize>20</dataTypeSize>
<ownDataTypeParameters>20,,</ownDataTypeParameters>
<autoIncrementCycle>false</autoIncrementCycle>
</Column>
<Column name="email" id="70D07CEC-E4EB-EC0C-7E4A-31633257DFC2">
<createdBy>ulloa</createdBy>
<createdTime>2025-08-18 01:04:21 UTC</createdTime>
<generatorID>C0452CA3-467F-D2B2-F951-B6385586F534</generatorID>
<ownerDesignName>Act_Format1_Modelamiento_BD</ownerDesignName>
<useDomainConstraints>false</useDomainConstraints>
<use>1</use>
<logicalDatatype>LOGDT024</logicalDatatype>
<dataTypeSize>100</dataTypeSize>
<ownDataTypeParameters>100,,</ownDataTypeParameters>
<autoIncrementCycle>false</autoIncrementCycle>
</Column>
</columns>
<indexes itemClass="oracle.dbtools.crest.model.design.relational.Index">
<ind_PK_UK id="C2007387-6C14-F943-754C-5F6589D03BF6" name="PASAJERO_PK">
<createdBy>ulloa</createdBy>
<createdTime>2025-08-18 01:04:21 UTC</createdTime>
<generatorID>0E43CFCA-B861-6827-D8C1-9B03ED0779E1</generatorID>
<ownerDesignName>Act_Format1_Modelamiento_BD</ownerDesignName>
<pk>true</pk>
<indexState>Primary Constraint</indexState>
<isSurrogateKey>false</isSurrogateKey>
<indexColumnUsage>
<colUsage columnID="4E8DA80B-26E1-1AC3-1A72-395469AEFF73"/>
</indexColumnUsage>
</ind_PK_UK>
</indexes>
</Table>