<?xml version = '1.0' encoding = 'UTF-8'?>
<Table class="oracle.dbtools.crest.model.design.relational.Table" directorySegmentName="seg_0" id="BC545A52-2F14-B6E4-D516-D8EB579081FA" name="VUELO">
<createdBy>ulloa</createdBy>
<createdTime>2025-08-18 01:04:21 UTC</createdTime>
<generatorID>16E03D8E-809E-1EEE-0A15-F84A1B8AA9F3</generatorID>
<ownerDesignName>Act_Format1_Modelamiento_BD</ownerDesignName>
<allowColumnReorder>false</allowColumnReorder>
<existDependencyGenerateInDDl>true</existDependencyGenerateInDDl>
<parsed>true</parsed>
<columns itemClass="oracle.dbtools.crest.model.design.relational.Column">
<Column name="num_vuelo" id="1E1206C2-654E-6C8B-74DF-B6FFB6418866">
<createdBy>ulloa</createdBy>
<createdTime>2025-08-18 01:04:21 UTC</createdTime>
<generatorID>E640D1F9-E89C-5926-42A1-82CD15F40C93</generatorID>
<ownerDesignName>Act_Format1_Modelamiento_BD</ownerDesignName>
<useDomainConstraints>false</useDomainConstraints>
<use>1</use>
<logicalDatatype>LOGDT024</logicalDatatype>
<dataTypeSize>100</dataTypeSize>
<ownDataTypeParameters>100,,</ownDataTypeParameters>
<autoIncrementCycle>false</autoIncrementCycle>
</Column>
<Column name="fecha_despegue" id="6FE086F1-D495-7B42-6773-3A0DCD1D7276">
<createdBy>ulloa</createdBy>
<createdTime>2025-08-18 01:04:21 UTC</createdTime>
<generatorID>0C8A61B6-C8DA-B125-DA2A-1DA7B61C62BE</generatorID>
<ownerDesignName>Act_Format1_Modelamiento_BD</ownerDesignName>
<useDomainConstraints>false</useDomainConstraints>
<use>1</use>
<logicalDatatype>LOGDT007</logicalDatatype>
<ownDataTypeParameters>,,</ownDataTypeParameters>
<autoIncrementCycle>false</autoIncrementCycle>
</Column>
<Column name="fecha_llegada" id="869D796D-7DD1-10B4-CB85-73B524CEE11D">
<createdBy>ulloa</createdBy>
<createdTime>2025-08-18 01:04:21 UTC</createdTime>
<generatorID>8C5908D2-FF48-5C63-D18D-78313C7026D8</generatorID>
<ownerDesignName>Act_Format1_Modelamiento_BD</ownerDesignName>
<useDomainConstraints>false</useDomainConstraints>
<use>1</use>
<logicalDatatype>LOGDT007</logicalDatatype>
<ownDataTypeParameters>,,</ownDataTypeParameters>
<autoIncrementCycle>false</autoIncrementCycle>
</Column>
<Column name="hora_salida" id="EF126565-D9CB-DF48-BFA0-1AA08D59DD5C">
<createdBy>ulloa</createdBy>
<createdTime>2025-08-18 01:04:21 UTC</createdTime>
<generatorID>EBFFBAA9-1B5D-91F6-B6BB-ADB9CE9A8268</generatorID>
<ownerDesignName>Act_Format1_Modelamiento_BD</ownerDesignName>
<useDomainConstraints>false</useDomainConstraints>
<use>1</use>
<logicalDatatype>LOGDT014</logicalDatatype>
<ownDataTypeParameters>,,</ownDataTypeParameters>
<autoIncrementCycle>false</autoIncrementCycle>
</Column>
</columns>
<indexes itemClass="oracle.dbtools.crest.model.design.relational.Index">
<ind_PK_UK id="197AA5DB-D10A-FB61-A7F6-42B861229F21" name="VUELO_PK">
<createdBy>ulloa</createdBy>
<createdTime>2025-08-18 01:04:21 UTC</createdTime>
<generatorID>509B72DA-C860-A855-50DE-6F7913499D4A</generatorID>
<ownerDesignName>Act_Format1_Modelamiento_BD</ownerDesignName>
<pk>true</pk>
<indexState>Primary Constraint</indexState>
<isSurrogateKey>false</isSurrogateKey>
<indexColumnUsage>
<colUsage columnID="1E1206C2-654E-6C8B-74DF-B6FFB6418866"/>
</indexColumnUsage>
</ind_PK_UK>
</indexes>
</Table>